ReportingDate,MinTemp,MaxTemp,Temp,DewPoint, Event,Location
2014/12/25,19,27,23,18,Rain,Sydney
2014/12/26,17,20,18,17,Rain,Sydney
2014/12/27,17,24,21,14,Rain,Sydney
2014/12/28,18,25,21,13,,Sydney
2014/12/29,17,26,22,14,Rain,Sydney
2014/12/30,19,27,23,19,Rain,Sydney
2014/12/31,16,24,20,14,Rain,Sydney
2015/01/01,22,30,26,19,Rain,Sydney
2015/01/02,21,26,23,21,Rain,Sydney
2015/01/03,23,31,27,21,,Sydney
2015/01/04,22,33,27,20,,Sydney
2015/01/05,21,25,23,19,,Sydney
2015/01/06,21,28,24,20,,Sydney
2015/01/07,22,31,27,18,,Sydney
2015/01/08,21,31,26,17,,Sydney
2015/01/09,22,32,27,19,Rain,Sydney
2015/01/10,21,28,24,21,Rain,Sydney
2015/01/11,20,22,21,20,Rain,Sydney
2015/01/12,20,23,21,19,Rain,Sydney
2015/01/13,19,27,23,19,Rain,Sydney
2015/01/14,23,34,28,17,Rain,Sydney
2015/01/15,22,26,23,16,,Sydney
2015/01/16,21,28,24,18,,Sydney
2015/01/17,21,35,28,12,,Sydney
2015/01/18,21,27,24,18,,Sydney
2015/01/19,20,23,21,15,Rain,Sydney
2015/01/20,18,26,22,17,Rain,Sydney
2015/01/21,19,28,23,19,Rain,Sydney
2015/01/22,22,28,26,19,,Sydney
2015/01/23,23,31,27,20,,Sydney
2015/01/24,23,31,27,19,Rain,Sydney
2015/01/25,21,35,28,19,Rain,Sydney
2015/01/26,19,22,21,18,Rain,Sydney
2015/01/27,18,20,19,18,Rain,Sydney
2015/01/28,17,21,19,16,Rain,Sydney
2015/01/29,15,21,18,11,,Sydney
2015/01/30,14,25,19,11,,Sydney
2015/01/31,17,25,21,12,,Sydney
2015/02/01,19,24,22,16,Rain,Sydney
2015/02/02,19,22,21,16,Rain,Sydney
2015/02/03,20,23,21,13,Rain,Sydney
2015/02/04,17,23,20,15,Rain,Sydney
2015/02/05,18,23,21,14,Rain,Sydney
2015/02/06,18,26,22,14,,Sydney
2015/02/07,19,27,23,15,Rain,Sydney
2015/02/08,19,33,26,17,,Sydney
2015/02/09,22,27,24,19,Rain,Sydney
2015/02/10,22,27,24,19,,Sydney
2015/02/11,22,30,26,18,Rain,Sydney
2015/02/12,22,29,26,19,Rain,Sydney
2015/02/13,20,27,23,19,Rain,Sydney
2015/02/14,21,28,24,19,Rain,Sydney
2015/02/15,19,29,24,18,Fog,Sydney
2015/02/16,22,29,26,17,,Sydney
2015/02/17,22,29,26,17,,Sydney
2015/02/18,23,29,26,17,,Sydney
2015/02/19,22,27,24,19,Rain,Sydney
2015/02/20,21,27,24,19,Rain,Sydney
2015/02/21,21,24,22,20,Rain,Sydney
2015/02/22,20,27,23,19,Rain,Sydney
2015/02/23,22,27,24,19,Rain,Sydney
2015/02/24,21,24,22,19,Rain,Sydney
2015/02/25,19,23,21,17,Rain,Sydney
2015/02/26,19,27,23,18,Rain,Sydney
2015/02/27,21,27,24,19,Rain,Sydney
2015/02/28,20,28,24,19,,Sydney
2015/03/01,20,38,29,18,Rain,Sydney
2015/03/02,18,24,21,14,,Sydney
2015/03/03,18,28,23,15,,Sydney
2015/03/04,21,28,24,19,Rain,Sydney
2015/03/05,19,26,23,13,,Sydney
2015/03/06,16,30,23,7,,Sydney
2015/03/07,18,26,22,17,Rain,Sydney
2015/03/08,20,24,22,19,,Sydney
2015/03/09,20,31,26,17,,Sydney
2015/03/10,21,25,23,19,Rain,Sydney
2015/03/11,21,29,24,19,Rain,Sydney
2015/03/12,20,26,23,19,,Sydney
2015/03/13,18,23,20,16,Rain,Sydney
2015/03/14,16,24,20,13,Rain,Sydney
2015/03/15,17,23,20,14,Rain,Sydney
2015/03/16,16,23,19,9,,Sydney
2015/03/17,16,25,20,13,,Sydney
2015/03/18,19,30,24,18,Rain,Sydney
2015/03/19,19,27,23,18,,Sydney
2015/03/20,19,29,24,18,Rain,Sydney
2015/03/21,18,23,20,14,Rain,Sydney
2015/03/22,18,25,22,16,Rain,Sydney
2015/03/23,18,27,23,18,,Sydney
2015/03/24,20,26,23,19,Rain,Sydney
2015/03/25,15,23,19,14,,Sydney
2015/03/26,18,28,23,10,,Sydney
2015/03/27,14,26,20,1,,Sydney
2015/03/28,15,22,19,8,,Sydney
2015/03/29,15,26,21,13,,Sydney
2015/03/30,16,24,20,16,Rain,Sydney
2015/03/31,18,23,20,17,Rain,Sydney
2015/04/01,17,27,22,17,Rain,Sydney
2015/04/02,19,31,24,17,Rain,Sydney
2015/04/03,17,21,19,16,Rain,Sydney
2015/04/04,16,20,18,16,Rain,Sydney
2015/04/05,16,22,19,15,Rain,Sydney
2015/04/06,15,26,20,15,Rain,Sydney
2015/04/07,15,24,19,9,Rain,Sydney
2015/04/08,14,22,18,6,,Sydney
2015/04/09,15,20,18,9,,Sydney
2015/04/10,14,20,17,14,Rain,Sydney
2015/04/11,16,21,18,15,Rain,Sydney
2015/04/12,15,21,18,14,Rain,Sydney
2015/04/13,15,20,18,12,Rain,Sydney
2015/04/14,14,23,19,11,,Sydney
2015/04/15,15,26,20,14,Rain,Sydney
2015/04/16,17,32,24,16,,Sydney
2015/04/17,19,23,21,18,Rain,Sydney
2015/04/18,20,29,24,17,Rain,Sydney
2015/04/19,15,21,18,14,Rain,Sydney
2015/04/20,14,17,16,15,Rain,Sydney
2015/04/21,14,17,16,14,Rain,Sydney
2015/04/22,13,18,16,16,Rain,Sydney
2015/04/23,14,21,18,16,Fog,Sydney
2015/04/24,15,27,21,14,Fog,Sydney
2015/04/25,13,23,19,12,Rain,Sydney
2015/04/26,12,17,14,11,Rain,Sydney
2015/04/27,12,18,15,8,,Sydney
2015/04/28,11,18,14,8,Rain,Sydney
2015/04/29,11,18,14,12,Rain,Sydney
2015/04/30,14,19,17,13,Rain,Sydney
2015/05/01,14,20,17,16,Rain,Sydney
2015/05/02,17,23,20,17,Rain,Sydney
2015/05/03,18,21,19,17,Rain,Sydney
2015/05/04,17,21,19,16,,Sydney
2015/05/05,15,28,21,12,Fog,Sydney
2015/05/06,13,21,17,2,,Sydney
2015/05/07,11,20,16,2,,Sydney
2015/05/08,11,21,16,3,,Sydney
2015/05/09,11,22,17,4,,Sydney
2015/05/10,11,22,17,3,,Sydney
2015/05/11,15,22,18,6,,Sydney
2015/05/12,12,23,17,5,,Sydney
2015/05/13,9,17,13,1,Rain,Sydney
2015/05/14,7,18,12,1,,Sydney
2015/05/15,11,18,14,8,,Sydney
2015/05/16,14,18,16,12,Rain,Sydney
2015/05/17,10,19,14,11,Rain,Sydney
2015/05/18,11,18,14,12,Rain,Sydney
2015/05/19,14,22,18,14,Rain,Sydney
2015/05/20,14,25,20,13,Rain,Sydney
2015/05/21,14,20,17,12,Rain,Sydney
2015/05/22,12,17,14,11,Rain,Sydney
2015/05/23,11,17,14,9,Rain,Sydney
2015/05/24,8,19,13,7,,Sydney
2015/05/25,9,19,14,8,,Sydney
2015/05/26,8,18,13,8,,Sydney
2015/05/27,11,21,16,7,,Sydney
2015/05/28,11,23,17,10,,Sydney
2015/05/29,13,20,18,12,Rain,Sydney
2015/05/30,11,19,14,8,Rain,Sydney
2015/05/31,11,16,13,5,,Sydney
2015/06/01,9,15,12,-1,Rain,Sydney
2015/06/02,7,15,11,0,,Sydney
2015/06/03,7,16,11,5,,Sydney
2015/06/04,7,20,13,4,,Sydney
2015/06/05,9,16,12,5,Rain,Sydney
2015/06/06,11,21,16,8,,Sydney
2015/06/07,9,22,16,8,,Sydney
2015/06/08,11,23,17,7,,Sydney
2015/06/09,12,23,17,6,,Sydney
2015/06/10,12,15,13,10,Rain,Sydney
2015/06/11,13,17,14,10,Rain,Sydney
2015/06/12,13,19,16,11,Rain,Sydney
2015/06/13,12,20,17,9,,Sydney
2015/06/14,9,19,14,9,,Sydney
2015/06/15,10,18,14,12,Rain,Sydney
2015/06/16,14,17,16,14,Rain,Sydney
2015/06/17,13,18,16,14,Rain,Sydney
2015/06/18,11,17,14,11,Rain,Sydney
2015/06/19,9,14,12,9,Rain,Sydney
2015/06/20,8,15,12,7,Rain,Sydney
2015/06/21,9,14,11,9,Rain,Sydney
2015/06/22,8,19,13,7,Fog,Sydney
2015/06/23,8,20,14,7,,Sydney
2015/06/24,11,21,16,9,,Sydney
2015/06/25,12,18,16,12,Rain,Sydney
2015/06/26,10,18,14,8,,Sydney
2015/06/27,8,20,14,7,,Sydney
2015/06/28,7,17,12,8,,Sydney
2015/06/29,8,18,13,8,,Sydney
2015/06/30,9,20,14,9,Fog,Sydney
2015/07/01,9,17,13,7,Rain,Sydney
2015/07/02,6,17,11,2,,Sydney
2015/07/03,6,14,10,3,,Sydney
2015/07/04,5,16,11,2,,Sydney
2015/07/05,5,18,12,2,,Sydney
2015/07/06,6,17,11,1,,Sydney
2015/07/07,7,14,10,6,Rain,Sydney
2015/07/08,8,14,11,8,Rain,Sydney
2015/07/09,6,17,11,6,,Sydney
2015/07/10,7,16,11,8,Rain,Sydney
2015/07/11,6,20,13,8,,Sydney
2015/07/12,8,15,11,2,Rain,Sydney
2015/07/13,8,18,13,3,Rain,Sydney
2015/07/14,9,17,13,1,,Sydney
2015/07/15,6,16,11,2,,Sydney
2015/07/16,8,13,11,7,Rain,Sydney
2015/07/17,6,14,10,4,Rain,Sydney
2015/07/18,7,13,10,5,Rain,Sydney
2015/07/19,7,14,11,8,,Sydney
2015/07/20,8,16,12,9,Rain,Sydney
2015/07/21,8,20,14,8,,Sydney
2015/07/22,9,18,14,8,,Sydney
2015/07/23,11,16,13,11,Rain,Sydney
2015/07/24,11,21,16,11,Rain,Sydney
2015/07/25,10,21,16,3,,Sydney
2015/07/26,11,21,16,2,,Sydney
2015/07/27,8,15,11,-2,,Sydney
2015/07/28,7,16,11,3,,Sydney
2015/07/29,7,16,12,6,,Sydney
2015/07/30,8,21,14,4,,Sydney
2015/07/31,11,21,16,4,,Sydney
2015/08/01,7,23,15,3,,Sydney
2015/08/02,11,25,18,6,,Sydney
2015/08/03,9,19,14,0,,Sydney
2015/08/04,8,15,11,0,Rain,Sydney
2015/08/05,6,16,11,-1,,Sydney
2015/08/06,7,16,11,1,,Sydney
2015/08/07,6,17,11,3,,Sydney
2015/08/08,7,15,11,5,,Sydney
2015/08/09,6,17,11,6,,Sydney
2015/08/10,8,21,14,5,,Sydney
2015/08/11,9,21,15,3,,Sydney
2015/08/12,7,19,13,1,Rain,Sydney
2015/08/13,8,19,13,1,,Sydney
2015/08/14,7,18,12,3,,Sydney
2015/08/15,8,16,12,8,,Sydney
2015/08/16,11,21,16,9,,Sydney
2015/08/17,9,21,14,2,,Sydney
2015/08/18,10,15,12,3,,Sydney
2015/08/19,9,16,12,6,,Sydney
2015/08/20,8,20,14,9,,Sydney
2015/08/21,9,23,16,9,,Sydney
2015/08/22,15,28,21,8,,Sydney
2015/08/23,15,21,18,13,Rain,Sydney
2015/08/24,14,17,16,14,Rain,Sydney
2015/08/25,12,20,16,10,Rain,Sydney
2015/08/26,13,19,16,13,Rain,Sydney
2015/08/27,12,22,17,9,Rain,Sydney
2015/08/28,10,18,14,7,Rain,Sydney
2015/08/29,9,20,14,4,,Sydney
2015/08/30,7,16,12,5,,Sydney
2015/08/31,9,16,13,6,,Sydney
2015/09/01,8,17,12,4,,Sydney
2015/09/02,7,20,13,6,Rain,Sydney
2015/09/03,11,20,16,8,Rain,Sydney
2015/09/04,12,17,14,11,Rain,Sydney
2015/09/05,11,19,15,10,Rain,Sydney
2015/09/06,12,17,14,12,Rain,Sydney
2015/09/07,9,24,17,7,Fog,Sydney
2015/09/08,9,20,14,1,,Sydney
2015/09/09,10,17,13,6,,Sydney
2015/09/10,11,18,14,8,,Sydney
2015/09/11,14,23,18,8,,Sydney
2015/09/12,11,25,18,10,,Sydney
2015/09/13,12,23,18,12,,Sydney
2015/09/14,14,24,19,13,,Sydney
2015/09/15,14,31,22,7,,Sydney
2015/09/16,12,19,16,8,,Sydney
2015/09/17,12,18,15,11,Rain,Sydney
2015/09/18,13,18,16,10,Rain,Sydney
2015/09/19,12,19,16,11,Rain,Sydney
2015/09/20,12,18,14,11,Rain,Sydney
2015/09/21,12,23,18,12,Rain,Sydney
2015/09/22,13,18,16,8,Rain,Sydney
2015/09/23,11,14,12,6,Rain,Sydney
2015/09/24,9,14,11,8,Rain,Sydney
2015/09/25,10,16,13,9,Rain,Sydney
2015/09/26,12,18,16,9,Rain,Sydney
2015/09/27,12,17,14,9,Rain,Sydney
2015/09/28,11,20,16,8,,Sydney
2015/09/29,11,25,18,9,,Sydney
2015/09/30,17,20,18,12,Rain,Sydney
2015/10/01,16,24,20,14,,Sydney
2015/10/02,17,23,20,13,,Sydney
2015/10/03,14,30,22,13,,Sydney
2015/10/04,17,34,26,4,,Sydney
2015/10/05,16,37,27,8,,Sydney
2015/10/06,20,35,28,9,,Sydney
2015/10/07,17,24,21,11,,Sydney
2015/10/08,16,21,18,9,Rain,Sydney
2015/10/09,17,24,21,12,,Sydney
2015/10/10,16,26,21,14,,Sydney
2015/10/11,15,26,20,15,Rain,Sydney
2015/10/12,17,29,23,13,Rain,Sydney
2015/10/13,17,20,19,16,Rain,Sydney
2015/10/14,17,25,21,15,Rain,Sydney
2015/10/15,17,26,21,16,,Sydney
2015/10/16,18,31,24,16,,Sydney
2015/10/17,19,24,21,17,Rain,Sydney
2015/10/18,19,22,20,14,Rain,Sydney
2015/10/19,19,27,23,16,Rain,Sydney
2015/10/20,19,29,24,16,Rain,Sydney
2015/10/21,19,29,24,14,Rain,Sydney
2015/10/22,16,23,19,16,Rain,Sydney
2015/10/23,14,19,17,11,Rain,Sydney
2015/10/24,13,24,18,11,,Sydney
2015/10/25,15,25,20,14,,Sydney
2015/10/26,17,26,21,15,Rain,Sydney
2015/10/27,16,19,17,11,Rain,Sydney
2015/10/28,13,21,17,9,Rain,Sydney
2015/10/29,13,23,18,8,,Sydney
2015/10/30,15,24,19,11,,Sydney
2015/10/31,16,26,21,14,Rain,Sydney
2015/11/01,17,28,22,16,Rain,Sydney
2015/11/02,18,32,25,17,Rain,Sydney
2015/11/03,17,21,19,17,Rain,Sydney
2015/11/04,17,19,18,17,Rain,Sydney
2015/11/05,16,23,19,17,Rain,Sydney
2015/11/06,19,30,24,17,Rain,Sydney
2015/11/07,17,24,20,16,,Sydney
2015/11/08,16,20,18,12,Rain,Sydney
2015/11/09,13,23,18,11,,Sydney
2015/11/10,16,26,21,13,,Sydney
2015/11/11,19,23,21,17,Rain,Sydney
2015/11/12,18,26,22,16,Rain,Sydney
2015/11/13,17,28,22,17,Rain,Sydney
2015/11/14,17,20,18,15,Rain,Sydney
2015/11/15,15,20,18,13,Rain,Sydney
2015/11/16,14,22,18,11,Rain,Sydney
2015/11/17,14,26,20,12,,Sydney
2015/11/18,17,37,27,12,,Sydney
2015/11/19,18,34,26,16,,Sydney
2015/11/20,21,43,32,14,,Sydney
2015/11/21,18,21,19,13,Rain,Sydney
2015/11/22,18,22,20,12,,Sydney
2015/11/23,17,23,20,16,,Sydney
2015/11/24,18,26,22,14,,Sydney
2015/11/25,18,32,25,15,,Sydney
2015/11/26,19,39,29,9,,Sydney
2015/11/27,16,22,19,13,Rain,Sydney
2015/11/28,18,24,21,14,,Sydney
2015/11/29,20,27,23,18,Rain,Sydney
2015/11/30,18,26,22,17,,Sydney
2015/12/01,20,37,28,14,,Sydney
2015/12/02,18,21,19,13,,Sydney
2015/12/03,15,22,19,9,Rain,Sydney
2015/12/04,15,23,19,11,,Sydney
2015/12/05,16,26,21,13,,Sydney
2015/12/06,18,27,22,14,,Sydney
2015/12/07,19,26,22,16,,Sydney
2015/12/08,21,26,23,18,Rain,Sydney
2015/12/09,19,33,26,19,Rain,Sydney
2015/12/10,19,26,22,18,,Sydney
2015/12/11,20,36,28,10,Rain,Sydney
2015/12/12,18,22,20,12,,Sydney
2015/12/13,18,25,21,14,,Sydney
2015/12/14,18,28,23,16,,Sydney
2015/12/15,20,27,23,19,Rain,Sydney
2015/12/16,16,25,20,17,Rain,Sydney
2015/12/17,16,27,21,16,,Sydney
2015/12/18,20,29,24,16,,Sydney
2015/12/19,20,33,27,17,,Sydney
2015/12/20,19,32,26,17,,Sydney
2015/12/21,19,27,23,18,Rain,Sydney
2015/12/22,17,20,18,17,Rain,Sydney
2015/12/23,17,24,21,14,Rain,Sydney
2015/12/24,18,25,21,13,,Sydney
2015/12/25,17,26,22,14,Rain,Sydney
2015/12/26,19,27,23,19,Rain,Sydney
2015/12/27,16,24,20,14,Rain,Sydney
2015/12/28,15,21,18,13,Rain,Sydney
2015/12/29,16,23,20,11,,Sydney
2015/12/30,14,24,19,13,,Sydney
2015/12/31,18,28,23,14,,Sydney
2014/12/25,6,21,13,5,,New Delhi
2014/12/26,6,19,12,6,,New Delhi
2014/12/27,6,21,13,7,,New Delhi
2014/12/28,7,19,13,8,,New Delhi
2014/12/29,7,19,13,5,,New Delhi
2014/12/30,5,18,12,3,,New Delhi
2014/12/31,6,21,13,4,,New Delhi
2015/01/01,9,21,14,11,Fog,New Delhi
2015/01/02,12,15,13,12,Fog-Rain,New Delhi
2015/01/03,12,17,14,13,Fog-Rain,New Delhi
2015/01/04,10,18,14,11,Fog,New Delhi
2015/01/05,8,20,14,8,Fog,New Delhi
2015/01/06,9,16,12,8,Fog,New Delhi
2015/01/07,6,12,9,8,Fog,New Delhi
2015/01/08,7,10,8,8,Fog,New Delhi
2015/01/09,7,15,11,8,Fog,New Delhi
2015/01/10,7,17,12,8,Fog,New Delhi
2015/01/11,7,15,11,8,Fog,New Delhi
2015/01/12,7,16,11,8,Fog,New Delhi
2015/01/13,6,17,11,8,Fog,New Delhi
2015/01/14,10,15,12,10,Fog-Rain,New Delhi
2015/01/15,5,18,11,8,Fog,New Delhi
2015/01/16,8,18,13,11,Fog,New Delhi
2015/01/17,7,21,13,10,Fog,New Delhi
2015/01/18,6,21,13,9,Fog,New Delhi
2015/01/19,9,19,14,9,Fog,New Delhi
2015/01/20,10,17,13,11,Fog,New Delhi
2015/01/21,10,17,13,11,,New Delhi
2015/01/22,11,13,12,12,Fog-Rain,New Delhi
2015/01/23,12,19,16,13,Fog,New Delhi
2015/01/24,10,15,13,10,Fog,New Delhi
2015/01/25,9,17,13,10,Fog,New Delhi
2015/01/26,11,15,13,11,Fog-Rain,New Delhi
2015/01/27,9,17,13,10,Fog,New Delhi
2015/01/28,8,16,12,8,Fog,New Delhi
2015/01/29,5,17,11,6,Fog,New Delhi
2015/01/30,6,19,12,7,Fog,New Delhi
2015/01/31,6,20,13,7,Fog,New Delhi
2015/02/01,9,22,16,9,Fog,New Delhi
2015/02/02,12,23,17,12,,New Delhi
2015/02/03,14,22,18,12,Rain,New Delhi
2015/02/04,10,20,15,12,Fog,New Delhi
2015/02/05,9,22,16,8,Fog,New Delhi
2015/02/06,8,24,16,8,Fog,New Delhi
2015/02/07,10,24,17,9,Fog,New Delhi
2015/02/08,11,23,17,8,Fog,New Delhi
2015/02/09,10,24,17,9,Fog,New Delhi
2015/02/10,10,23,17,9,Fog,New Delhi
2015/02/11,10,22,16,10,Fog,New Delhi
2015/02/12,9,23,16,11,Fog,New Delhi
2015/02/13,9,25,17,8,Fog,New Delhi
2015/02/14,12,27,19,10,,New Delhi
2015/02/15,12,27,19,11,Fog,New Delhi
2015/02/16,16,25,20,13,Fog,New Delhi
2015/02/17,17,27,22,15,Fog,New Delhi
2015/02/18,15,29,22,15,Fog,New Delhi
2015/02/19,18,29,23,16,Fog-Thunderstorm,New Delhi
2015/02/20,20,29,24,17,,New Delhi
2015/02/21,17,27,22,13,,New Delhi
2015/02/22,15,29,22,13,Fog,New Delhi
2015/02/23,16,29,22,16,Fog,New Delhi
2015/02/24,16,28,22,17,Fog,New Delhi
2015/02/25,19,28,23,16,,New Delhi
2015/02/26,14,27,20,4,,New Delhi
2015/02/27,12,27,19,4,,New Delhi
2015/02/28,14,28,21,6,,New Delhi
2015/03/01,15,21,18,14,Rain,New Delhi
2015/03/02,14,22,18,15,Rain-Thunderstorm,New Delhi
2015/03/03,13,21,17,12,Fog,New Delhi
2015/03/04,11,23,17,10,Fog,New Delhi
2015/03/05,12,25,18,11,Fog,New Delhi
2015/03/06,16,27,21,11,Fog,New Delhi
2015/03/07,14,26,20,13,Fog-Thunderstorm,New Delhi
2015/03/08,15,24,19,13,Rain-Thunderstorm,New Delhi
2015/03/09,14,23,18,8,Rain,New Delhi
2015/03/10,9,24,17,8,Fog,New Delhi
2015/03/11,11,25,18,10,Fog,New Delhi
2015/03/12,13,27,20,11,Fog,New Delhi
2015/03/13,15,28,21,12,Fog,New Delhi
2015/03/14,17,27,22,13,Rain-Thunderstorm,New Delhi
2015/03/15,15,20,18,13,Rain-Thunderstorm,New Delhi
2015/03/16,15,25,20,14,,New Delhi
2015/03/17,15,26,20,14,Fog,New Delhi
2015/03/18,13,25,19,12,Fog,New Delhi
2015/03/19,15,29,22,11,,New Delhi
2015/03/20,15,30,22,12,Fog,New Delhi
2015/03/21,17,31,23,14,Fog,New Delhi
2015/03/22,18,32,24,14,Fog,New Delhi
2015/03/23,18,34,26,14,Fog,New Delhi
2015/03/24,18,34,26,13,,New Delhi
2015/03/25,21,34,27,15,,New Delhi
2015/03/26,20,36,28,17,Fog,New Delhi
2015/03/27,23,35,29,13,Rain-Thunderstorm,New Delhi
2015/03/28,19,35,27,13,,New Delhi
2015/03/29,23,29,26,13,,New Delhi
2015/03/30,20,27,23,17,Thunderstorm,New Delhi
2015/03/31,20,31,26,17,,New Delhi
2015/04/01,20,33,27,16,,New Delhi
2015/04/02,22,34,28,14,Rain-Thunderstorm,New Delhi
2015/04/03,20,29,24,18,Rain-Thunderstorm,New Delhi
2015/04/04,18,25,21,17,Rain-Thunderstorm,New Delhi
2015/04/05,17,29,23,16,Fog,New Delhi
2015/04/06,19,32,26,14,,New Delhi
2015/04/07,20,29,24,15,,New Delhi
2015/04/08,20,33,27,13,,New Delhi
2015/04/09,19,32,26,13,,New Delhi
2015/04/10,20,34,27,13,,New Delhi
2015/04/11,21,37,29,13,Thunderstorm,New Delhi
2015/04/12,22,26,23,17,Rain-Thunderstorm,New Delhi
2015/04/13,19,30,24,17,,New Delhi
2015/04/14,22,32,27,17,,New Delhi
2015/04/15,22,34,28,17,,New Delhi
2015/04/16,22,31,26,16,,New Delhi
2015/04/17,20,36,28,16,Fog,New Delhi
2015/04/18,22,38,30,14,,New Delhi
2015/04/19,22,41,31,13,,New Delhi
2015/04/20,28,39,33,14,,New Delhi
2015/04/21,26,39,32,12,,New Delhi
2015/04/22,23,38,30,7,,New Delhi
2015/04/23,24,39,31,7,,New Delhi
2015/04/24,26,40,33,7,,New Delhi
2015/04/25,26,36,31,13,,New Delhi
2015/04/26,24,33,28,15,,New Delhi
2015/04/27,25,37,31,16,,New Delhi
2015/04/28,25,37,31,16,Thunderstorm,New Delhi
2015/04/29,25,36,30,16,,New Delhi
2015/04/30,26,40,33,15,,New Delhi
2015/05/01,26,39,32,14,,New Delhi
2015/05/02,24,39,31,13,Rain-Thunderstorm,New Delhi
2015/05/03,24,41,32,9,,New Delhi
2015/05/04,23,39,31,9,,New Delhi
2015/05/05,23,41,32,8,,New Delhi
2015/05/06,28,45,37,6,,New Delhi
2015/05/07,27,43,34,6,,New Delhi
2015/05/08,28,43,36,7,,New Delhi
2015/05/09,27,42,34,9,,New Delhi
2015/05/10,30,43,37,9,,New Delhi
2015/05/11,29,39,34,13,Rain-Thunderstorm,New Delhi
2015/05/12,26,38,32,17,,New Delhi
2015/05/13,24,34,29,19,Rain-Thunderstorm,New Delhi
2015/05/14,23,37,30,17,,New Delhi
2015/05/15,25,37,31,18,Thunderstorm,New Delhi
2015/05/16,23,37,30,17,,New Delhi
2015/05/17,26,40,33,17,,New Delhi
2015/05/18,31,44,37,14,,New Delhi
2015/05/19,25,42,33,17,Rain-Thunderstorm,New Delhi
2015/05/20,22,43,32,14,,New Delhi
2015/05/21,28,45,37,13,,New Delhi
2015/05/22,29,44,37,8,,New Delhi
2015/05/23,30,44,37,9,,New Delhi
2015/05/24,30,43,37,8,,New Delhi
2015/05/25,31,45,38,8,,New Delhi
2015/05/26,32,46,39,6,,New Delhi
2015/05/27,27,44,36,4,,New Delhi
2015/05/28,29,43,36,10,,New Delhi
2015/05/29,29,44,37,12,,New Delhi
2015/05/30,29,44,37,11,,New Delhi
2015/05/31,31,41,36,11,,New Delhi
2015/06/01,27,36,31,12,Rain-Thunderstorm,New Delhi
2015/06/02,27,41,33,13,Rain-Thunderstorm,New Delhi
2015/06/03,25,33,29,17,Rain-Thunderstorm,New Delhi
2015/06/04,24,38,31,17,,New Delhi
2015/06/05,27,39,33,15,,New Delhi
2015/06/06,28,41,34,15,,New Delhi
2015/06/07,30,43,37,14,,New Delhi
2015/06/08,30,44,37,14,,New Delhi
2015/06/09,33,43,38,13,,New Delhi
2015/06/10,31,43,37,18,,New Delhi
2015/06/11,31,43,37,17,,New Delhi
2015/06/12,30,41,36,18,,New Delhi
2015/06/13,24,39,31,18,Rain-Thunderstorm,New Delhi
2015/06/14,22,33,27,21,Rain-Thunderstorm,New Delhi
2015/06/15,27,37,32,22,,New Delhi
2015/06/16,28,38,33,22,,New Delhi
2015/06/17,27,39,33,21,,New Delhi
2015/06/18,30,41,36,20,,New Delhi
2015/06/19,32,42,37,22,,New Delhi
2015/06/20,29,38,33,22,,New Delhi
2015/06/21,25,35,30,23,Rain,New Delhi
2015/06/22,28,37,32,22,,New Delhi
2015/06/23,27,40,33,23,Rain,New Delhi
2015/06/24,25,36,30,24,Fog-Rain,New Delhi
2015/06/25,23,30,27,23,Rain,New Delhi
2015/06/26,26,39,32,22,Fog,New Delhi
2015/06/27,28,38,33,22,,New Delhi
2015/06/28,28,40,34,22,,New Delhi
2015/06/29,27,35,31,22,Rain,New Delhi
2015/06/30,28,35,31,22,,New Delhi
2015/07/01,27,37,32,22,,New Delhi
2015/07/02,28,39,33,21,,New Delhi
2015/07/03,28,41,34,21,,New Delhi
2015/07/04,27,38,32,23,,New Delhi
2015/07/05,33,38,36,23,,New Delhi
2015/07/06,26,35,30,24,,New Delhi
2015/07/07,25,33,29,24,,New Delhi
2015/07/08,27,35,31,25,,New Delhi
2015/07/09,26,33,29,25,,New Delhi
2015/07/10,26,28,27,25,,New Delhi
2015/07/11,24,26,24,24,,New Delhi
2015/07/12,25,26,26,24,,New Delhi
2015/07/13,25,33,29,24,,New Delhi
2015/07/14,28,36,32,25,,New Delhi
2015/07/15,28,37,32,24,,New Delhi
2015/07/16,29,37,33,24,,New Delhi
2015/07/17,29,33,31,26,,New Delhi
2015/07/18,28,33,30,26,,New Delhi
2015/07/19,26,33,29,25,,New Delhi
2015/07/20,25,32,28,25,,New Delhi
2015/07/21,27,35,31,26,,New Delhi
2015/07/22,28,35,31,26,,New Delhi
2015/07/23,28,34,31,26,,New Delhi
2015/07/24,28,34,31,26,,New Delhi
2015/07/25,28,35,31,26,,New Delhi
2015/07/26,28,32,30,26,,New Delhi
2015/07/27,26,33,29,24,,New Delhi
2015/07/28,26,33,29,23,,New Delhi
2015/07/29,25,31,28,23,,New Delhi
2015/07/30,26,30,28,24,,New Delhi
2015/07/31,25,31,28,24,,New Delhi
2015/08/01,25,31,28,24,,New Delhi
2015/08/02,26,33,29,24,,New Delhi
2015/08/03,26,35,30,24,,New Delhi
2015/08/04,27,35,31,24,,New Delhi
2015/08/05,27,34,30,26,,New Delhi
2015/08/06,27,34,30,26,,New Delhi
2015/08/07,26,34,30,26,,New Delhi
2015/08/08,26,32,29,26,,New Delhi
2015/08/09,26,29,27,26,,New Delhi
2015/08/10,27,34,30,26,,New Delhi
2015/08/11,26,33,29,27,,New Delhi
2015/08/12,26,35,30,25,,New Delhi
2015/08/13,28,35,31,26,,New Delhi
2015/08/14,29,33,31,26,,New Delhi
2015/08/15,26,31,28,26,,New Delhi
2015/08/16,25,34,29,26,,New Delhi
2015/08/17,27,35,31,26,,New Delhi
2015/08/18,25,35,30,25,,New Delhi
2015/08/19,25,35,30,25,,New Delhi
2015/08/20,27,34,30,24,,New Delhi
2015/08/21,27,33,30,24,,New Delhi
2015/08/22,26,33,29,24,,New Delhi
2015/08/23,24,35,30,24,,New Delhi
2015/08/24,25,34,29,24,,New Delhi
2015/08/25,26,36,31,23,,New Delhi
2015/08/26,27,35,31,24,,New Delhi
2015/08/27,27,36,31,24,,New Delhi
2015/08/28,28,37,32,24,,New Delhi
2015/08/29,27,37,32,23,,New Delhi
2015/08/30,29,36,32,24,,New Delhi
2015/08/31,28,35,31,23,,New Delhi
2015/09/01,27,35,31,22,,New Delhi
2015/09/02,27,34,30,21,,New Delhi
2015/09/03,26,34,30,21,,New Delhi
2015/09/04,25,36,30,19,,New Delhi
2015/09/05,26,36,31,19,,New Delhi
2015/09/06,25,36,30,19,,New Delhi
2015/09/07,25,36,30,19,,New Delhi
2015/09/08,25,36,30,21,,New Delhi
2015/09/09,24,36,30,20,,New Delhi
2015/09/10,25,36,30,19,,New Delhi
2015/09/11,25,36,30,21,,New Delhi
2015/09/12,26,37,31,22,,New Delhi
2015/09/13,26,37,31,22,,New Delhi
2015/09/14,27,37,32,22,,New Delhi
2015/09/15,27,37,32,22,,New Delhi
2015/09/16,28,36,32,23,,New Delhi
2015/09/17,28,36,32,23,,New Delhi
2015/09/18,28,34,31,24,,New Delhi
2015/09/19,26,35,30,26,,New Delhi
2015/09/20,27,36,31,24,,New Delhi
2015/09/21,26,35,30,23,,New Delhi
2015/09/22,26,34,30,23,,New Delhi
2015/09/23,25,32,28,22,,New Delhi
2015/09/24,24,34,29,19,,New Delhi
2015/09/25,23,35,29,17,,New Delhi
2015/09/26,25,35,30,19,,New Delhi
2015/09/27,25,34,29,20,,New Delhi
2015/09/28,23,34,28,19,,New Delhi
2015/09/29,22,34,28,19,,New Delhi
2015/09/30,21,35,28,17,,New Delhi
2015/10/01,21,35,28,17,,New Delhi
2015/10/02,21,35,28,17,,New Delhi
2015/10/03,21,36,28,18,,New Delhi
2015/10/04,22,37,29,17,,New Delhi
2015/10/05,23,37,30,15,,New Delhi
2015/10/06,23,35,29,17,,New Delhi
2015/10/07,22,34,28,19,,New Delhi
2015/10/08,23,35,29,18,,New Delhi
2015/10/09,22,35,28,16,,New Delhi
2015/10/10,23,37,30,14,,New Delhi
2015/10/11,24,36,30,14,,New Delhi
2015/10/12,23,36,29,18,,New Delhi
2015/10/13,24,35,29,21,,New Delhi
2015/10/14,24,34,29,21,,New Delhi
2015/10/15,21,34,27,19,,New Delhi
2015/10/16,24,35,29,17,,New Delhi
2015/10/17,23,35,29,19,,New Delhi
2015/10/18,23,34,28,18,,New Delhi
2015/10/19,23,36,29,18,,New Delhi
2015/10/20,25,36,30,17,,New Delhi
2015/10/21,22,33,27,16,,New Delhi
2015/10/22,18,32,24,12,,New Delhi
2015/10/23,17,32,24,12,,New Delhi
2015/10/24,18,33,26,12,,New Delhi
2015/10/25,20,33,27,13,,New Delhi
2015/10/26,21,31,26,13,,New Delhi
2015/10/27,19,31,24,14,,New Delhi
2015/10/28,18,26,22,12,,New Delhi
2015/10/29,14,27,20,12,,New Delhi
2015/10/30,17,28,22,14,,New Delhi
2015/10/31,17,29,23,14,,New Delhi
2015/11/01,18,30,24,14,,New Delhi
2015/11/02,18,31,24,15,,New Delhi
2015/11/03,20,30,25,14,,New Delhi
2015/11/04,18,31,24,14,,New Delhi
2015/11/05,19,27,23,16,,New Delhi
2015/11/06,17,28,22,16,,New Delhi
2015/11/07,16,27,21,16,,New Delhi
2015/11/08,20,28,24,14,,New Delhi
2015/11/09,19,29,24,14,,New Delhi
2015/11/10,18,29,23,15,,New Delhi
2015/11/11,17,28,22,12,,New Delhi
2015/11/12,16,29,22,12,,New Delhi
2015/11/13,17,29,23,13,,New Delhi
2015/11/14,17,29,23,14,,New Delhi
2015/11/15,17,32,24,12,,New Delhi
2015/11/16,20,29,24,10,,New Delhi
2015/11/17,15,28,21,7,,New Delhi
2015/11/18,12,27,19,7,,New Delhi
2015/11/19,12,27,19,8,,New Delhi
2015/11/20,12,27,19,9,,New Delhi
2015/11/21,13,27,20,11,,New Delhi
2015/11/22,13,29,21,9,,New Delhi
2015/11/23,12,29,20,9,,New Delhi
2015/11/24,12,27,19,9,,New Delhi
2015/11/25,13,27,20,9,,New Delhi
2015/11/26,13,28,20,8,,New Delhi
2015/11/27,12,22,17,11,,New Delhi
2015/11/28,15,23,19,16,,New Delhi
2015/11/29,14,25,19,15,,New Delhi
2015/11/30,15,26,20,16,,New Delhi
2015/12/01,14,36,24,15,,New Delhi
2015/12/02,15,25,20,12,,New Delhi
2015/12/03,12,24,18,12,,New Delhi
2015/12/04,12,26,19,11,,New Delhi
2015/12/05,11,27,19,10,,New Delhi
2015/12/06,13,26,19,12,,New Delhi
2015/12/07,13,25,19,13,,New Delhi
2015/12/08,13,27,20,13,,New Delhi
2015/12/09,13,23,18,14,,New Delhi
2015/12/10,13,26,20,13,,New Delhi
2015/12/11,13,24,19,13,,New Delhi
2015/12/12,11,16,13,12,,New Delhi
2015/12/13,7,21,14,6,,New Delhi
2015/12/14,7,21,14,4,,New Delhi
2015/12/15,7,22,14,3,,New Delhi
2015/12/16,6,23,14,3,,New Delhi
2015/12/17,7,21,14,5,,New Delhi
2015/12/18,7,21,14,7,,New Delhi
2015/12/19,6,21,13,6,,New Delhi
2015/12/20,6,21,13,5,,New Delhi
2015/12/21,6,19,12,6,,New Delhi
2015/12/22,6,21,13,7,,New Delhi
2015/12/23,7,19,13,8,,New Delhi
2015/12/24,7,19,13,5,,New Delhi
2015/12/25,5,18,12,3,,New Delhi
2015/12/26,6,21,13,4,,New Delhi
2015/12/27,7,22,14,6,,New Delhi
2015/12/28,9,24,17,7,,New Delhi
2015/12/29,9,24,17,8,,New Delhi
2015/12/30,9,25,17,8,,New Delhi
2015/12/31,8,24,17,7,,New Delhi
2014/12/25,9,26,18,14,,Austin
2014/12/26,12,27,19,12,,Austin
2014/12/27,11,23,17,13,,Austin
2014/12/28,11,21,16,12,,Austin
2014/12/29,21,26,23,21,,Austin
2014/12/30,2,23,13,8,,Austin
2014/12/31,2,8,5,-1,,Austin
2015/01/01,1,4,3,2,,Austin
2015/01/02,3,6,5,4,,Austin
2015/01/03,4,17,11,4,,Austin
2015/01/04,2,11,6,-1,,Austin
2015/01/05,-2,11,5,-5,,Austin
2015/01/06,2,22,12,0,,Austin
2015/01/07,-1,11,5,-3,,Austin
2015/01/08,-5,2,-1,-11,,Austin
2015/01/09,1,3,2,-3,,Austin
2015/01/10,0,2,1,-1,,Austin
2015/01/11,1,9,6,4,,Austin
2015/01/12,4,8,6,5,,Austin
2015/01/13,2,6,4,1,,Austin
2015/01/14,3,4,4,2,,Austin
2015/01/15,3,15,9,2,,Austin
2015/01/16,3,18,11,3,,Austin
2015/01/17,4,21,12,4,,Austin
2015/01/18,8,22,15,-1,,Austin
2015/01/19,3,24,13,5,,Austin
2015/01/20,5,27,16,7,,Austin
2015/01/21,10,13,12,10,,Austin
2015/01/22,5,11,8,8,,Austin
2015/01/23,3,11,7,3,,Austin
2015/01/24,2,17,10,2,,Austin
2015/01/25,4,23,14,1,,Austin
2015/01/26,8,23,16,3,,Austin
2015/01/27,11,28,19,4,,Austin
2015/01/28,6,27,17,6,,Austin
2015/01/29,11,26,19,9,,Austin
2015/01/30,9,14,12,2,,Austin
2015/01/31,9,17,13,11,,Austin
2015/02/01,7,23,15,12,,Austin
2015/02/02,1,9,5,-4,,Austin
2015/02/03,4,6,6,3,,Austin
2015/02/04,6,13,9,7,,Austin
2015/02/05,3,11,7,2,,Austin
2015/02/06,3,16,9,3,,Austin
2015/02/07,4,21,13,8,,Austin
2015/02/08,14,26,20,13,,Austin
2015/02/09,11,28,20,7,,Austin
2015/02/10,8,27,18,7,,Austin
2015/02/11,11,26,18,9,,Austin
2015/02/12,7,17,12,1,,Austin
2015/02/13,4,21,13,3,,Austin
2015/02/14,9,26,17,8,,Austin
2015/02/15,14,20,17,14,,Austin
2015/02/16,2,19,11,4,,Austin
2015/02/17,1,13,7,-3,,Austin
2015/02/18,0,19,9,-2,,Austin
2015/02/19,3,21,12,4,,Austin
2015/02/20,12,24,18,13,,Austin
2015/02/21,13,26,19,13,,Austin
2015/02/22,3,13,8,7,,Austin
2015/02/23,-1,3,1,-2,,Austin
2015/02/24,-1,3,1,-2,,Austin
2015/02/25,2,17,9,1,,Austin
2015/02/26,1,11,6,-1,,Austin
2015/02/27,-1,2,1,-4,,Austin
2015/02/28,-1,2,1,-1,,Austin
2015/03/01,2,6,4,3,,Austin
2015/03/02,3,7,6,4,,Austin
2015/03/03,5,17,11,9,,Austin
2015/03/04,1,21,11,13,,Austin
2015/03/05,-1,8,4,-4,,Austin
2015/03/06,-3,14,6,-5,,Austin
2015/03/07,3,16,9,-1,,Austin
2015/03/08,8,12,11,9,,Austin
2015/03/09,9,13,11,9,,Austin
2015/03/10,10,17,14,10,,Austin
2015/03/11,12,15,14,10,,Austin
2015/03/12,11,23,17,11,,Austin
2015/03/13,12,26,19,11,,Austin
2015/03/14,12,26,19,9,,Austin
2015/03/15,11,21,16,11,,Austin
2015/03/16,11,25,18,13,,Austin
2015/03/17,17,25,21,17,,Austin
2015/03/18,16,27,22,16,,Austin
2015/03/19,17,28,23,18,,Austin
2015/03/20,14,22,18,16,,Austin
2015/03/21,13,16,14,13,,Austin
2015/03/22,14,26,20,14,,Austin
2015/03/23,11,27,19,13,,Austin
2015/03/24,15,28,22,16,,Austin
2015/03/25,17,29,23,16,,Austin
2015/03/26,12,21,17,9,,Austin
2015/03/27,8,28,18,2,,Austin
2015/03/28,9,29,19,7,,Austin
2015/03/29,14,29,22,13,,Austin
2015/03/30,18,27,22,17,,Austin
2015/03/31,19,28,23,17,,Austin
2015/04/01,20,28,24,18,,Austin
2015/04/02,20,29,24,19,,Austin
2015/04/03,19,30,24,17,,Austin
2015/04/04,13,21,17,7,,Austin
2015/04/05,15,21,18,15,,Austin
2015/04/06,18,29,24,18,,Austin
2015/04/07,20,31,26,18,,Austin
2015/04/08,21,26,23,19,,Austin
2015/04/09,21,31,26,19,,Austin
2015/04/10,13,23,18,12,,Austin
2015/04/11,15,21,18,17,,Austin
2015/04/12,19,28,24,19,,Austin
2015/04/13,18,31,24,18,,Austin
2015/04/14,14,25,19,13,,Austin
2015/04/15,12,28,21,13,,Austin
2015/04/16,19,27,23,19,,Austin
2015/04/17,19,24,22,18,,Austin
2015/04/18,12,25,19,17,,Austin
2015/04/19,14,32,23,14,,Austin
2015/04/20,12,23,18,6,,Austin
2015/04/21,11,27,19,12,,Austin
2015/04/22,19,27,23,18,,Austin
2015/04/23,20,29,25,21,,Austin
2015/04/24,21,29,25,22,,Austin
2015/04/25,21,34,28,18,,Austin
2015/04/26,21,30,26,21,,Austin
2015/04/27,17,29,23,17,,Austin
2015/04/28,12,18,15,11,,Austin
2015/04/29,9,25,17,7,,Austin
2015/04/30,10,28,19,9,,Austin
2015/05/01,13,29,21,11,,Austin
2015/05/02,14,28,22,12,,Austin
2015/05/03,14,29,22,14,,Austin
2015/05/04,19,29,24,17,,Austin
2015/05/05,19,28,24,19,,Austin
2015/05/06,22,31,26,21,,Austin
2015/05/07,23,28,26,22,,Austin
2015/05/08,23,26,24,23,,Austin
2015/05/09,22,29,26,22,,Austin
2015/05/10,24,31,28,22,,Austin
2015/05/11,20,26,23,19,,Austin
2015/05/12,18,21,19,18,,Austin
2015/05/13,18,21,19,19,,Austin
2015/05/14,20,31,26,22,,Austin
2015/05/15,19,25,22,20,,Austin
2015/05/16,19,31,25,21,,Austin
2015/05/17,19,29,24,20,,Austin
2015/05/18,23,31,27,22,,Austin
2015/05/19,23,32,28,22,,Austin
2015/05/20,22,32,27,22,,Austin
2015/05/21,17,24,21,17,,Austin
2015/05/22,17,25,21,19,,Austin
2015/05/23,19,31,25,22,,Austin
2015/05/24,18,28,23,20,,Austin
2015/05/25,19,28,23,21,,Austin
2015/05/26,19,32,26,21,,Austin
2015/05/27,19,29,24,21,,Austin
2015/05/28,21,31,26,23,,Austin
2015/05/29,18,32,25,19,,Austin
2015/05/30,21,31,26,20,,Austin
2015/05/31,19,30,25,18,,Austin
2015/06/01,18,31,24,18,,Austin
2015/06/02,19,32,26,19,,Austin
2015/06/03,19,32,26,19,,Austin
2015/06/04,20,31,26,19,,Austin
2015/06/05,21,32,27,20,,Austin
2015/06/06,21,32,27,19,,Austin
2015/06/07,21,33,27,19,,Austin
2015/06/08,22,34,28,20,,Austin
2015/06/09,22,35,29,19,,Austin
2015/06/10,22,34,28,20,,Austin
2015/06/11,23,34,29,21,,Austin
2015/06/12,24,34,29,23,,Austin
2015/06/13,24,35,29,22,,Austin
2015/06/14,22,30,26,23,,Austin
2015/06/15,23,32,28,23,,Austin
2015/06/16,23,28,26,23,,Austin
2015/06/17,22,32,27,23,,Austin
2015/06/18,23,32,28,23,,Austin
2015/06/19,22,29,26,23,,Austin
2015/06/20,22,28,26,23,,Austin
2015/06/21,22,30,26,24,,Austin
2015/06/22,22,32,27,23,,Austin
2015/06/23,24,33,29,23,,Austin
2015/06/24,23,33,28,23,,Austin
2015/06/25,23,34,28,22,,Austin
2015/06/26,24,34,29,23,,Austin
2015/06/27,23,33,28,23,,Austin
2015/06/28,23,33,28,23,,Austin
2015/06/29,23,34,29,22,,Austin
2015/06/30,23,34,29,23,,Austin
2015/07/01,22,33,27,22,,Austin
2015/07/02,21,33,27,22,,Austin
2015/07/03,24,33,29,22,,Austin
2015/07/04,24,33,29,23,,Austin
2015/07/05,24,33,29,23,,Austin
2015/07/06,25,33,29,22,,Austin
2015/07/07,26,33,29,23,,Austin
2015/07/08,26,33,29,22,,Austin
2015/07/09,24,34,29,22,,Austin
2015/07/10,23,34,29,21,,Austin
2015/07/11,23,34,28,21,,Austin
2015/07/12,23,34,29,22,,Austin
2015/07/13,24,36,30,22,,Austin
2015/07/14,23,36,30,21,,Austin
2015/07/15,24,35,29,21,,Austin
2015/07/16,23,35,29,21,,Austin
2015/07/17,24,36,30,22,,Austin
2015/07/18,25,37,31,22,,Austin
2015/07/19,24,36,31,22,,Austin
2015/07/20,23,36,30,22,,Austin
2015/07/21,24,36,30,22,,Austin
2015/07/22,25,36,31,22,,Austin
2015/07/23,25,37,31,21,,Austin
2015/07/24,25,37,31,22,,Austin
2015/07/25,24,37,31,21,,Austin
2015/07/26,24,37,31,22,,Austin
2015/07/27,25,38,32,22,,Austin
2015/07/28,25,38,32,22,,Austin
2015/07/29,24,38,32,22,,Austin
2015/07/30,24,38,31,19,,Austin
2015/07/31,26,39,32,20,,Austin
2015/08/01,23,37,30,16,,Austin
2015/08/02,24,38,31,16,,Austin
2015/08/03,24,37,31,18,,Austin
2015/08/04,25,38,32,21,,Austin
2015/08/05,26,38,32,22,,Austin
2015/08/06,25,39,32,22,,Austin
2015/08/07,24,38,32,21,,Austin
2015/08/08,24,39,32,23,,Austin
2015/08/09,23,39,32,,,Austin
2015/08/10,23,41,32,,,Austin
2015/08/11,24,41,32,,,Austin
2015/08/12,26,41,33,20,,Austin
2015/08/13,26,40,33,19,,Austin
2015/08/14,26,38,32,21,,Austin
2015/08/15,26,37,32,19,,Austin
2015/08/16,24,37,31,19,,Austin
2015/08/17,23,37,30,20,,Austin
2015/08/18,24,37,31,21,,Austin
2015/08/19,26,37,32,22,,Austin
2015/08/20,23,29,26,22,,Austin
2015/08/21,22,33,28,22,,Austin
2015/08/22,24,37,31,23,,Austin
2015/08/23,24,38,32,22,,Austin
2015/08/24,24,38,32,20,,Austin
2015/08/25,25,38,32,20,,Austin
2015/08/26,23,37,30,20,,Austin
2015/08/27,23,37,30,18,,Austin
2015/08/28,22,37,29,16,,Austin
2015/08/29,22,35,28,17,,Austin
2015/08/30,24,36,30,18,,Austin
2015/08/31,23,36,30,19,,Austin
2015/09/01,23,34,29,21,,Austin
2015/09/02,22,35,28,19,,Austin
2015/09/03,23,34,29,21,,Austin
2015/09/04,24,38,31,22,,Austin
2015/09/05,26,38,32,23,,Austin
2015/09/06,24,38,31,22,,Austin
2015/09/07,24,38,31,21,,Austin
2015/09/08,24,37,31,22,,Austin
2015/09/09,23,34,29,23,,Austin
2015/09/10,22,36,29,23,,Austin
2015/09/11,24,34,29,23,,Austin
2015/09/12,21,33,27,14,,Austin
2015/09/13,17,33,25,11,,Austin
2015/09/14,18,32,25,14,,Austin
2015/09/15,23,35,29,21,,Austin
2015/09/16,24,34,29,22,,Austin
2015/09/17,24,36,30,22,,Austin
2015/09/18,24,36,30,21,,Austin
2015/09/19,23,36,29,20,,Austin
2015/09/20,21,35,28,17,,Austin
2015/09/21,23,35,29,18,,Austin
2015/09/22,21,36,29,18,,Austin
2015/09/23,20,34,27,17,,Austin
2015/09/24,21,35,28,14,,Austin
2015/09/25,22,36,29,18,,Austin
2015/09/26,20,35,28,15,,Austin
2015/09/27,19,35,27,15,,Austin
2015/09/28,21,32,26,17,,Austin
2015/09/29,19,34,27,18,,Austin
2015/09/30,21,35,28,17,,Austin
2015/10/01,21,34,28,16,,Austin
2015/10/02,19,32,26,10,,Austin
2015/10/03,13,31,22,6,,Austin
2015/10/04,15,31,23,8,,Austin
2015/10/05,19,29,24,11,,Austin
2015/10/06,17,32,25,12,,Austin
2015/10/07,17,33,25,14,,Austin
2015/10/08,20,33,27,18,,Austin
2015/10/09,22,31,27,18,,Austin
2015/10/10,19,32,26,15,,Austin
2015/10/11,18,35,27,16,,Austin
2015/10/12,22,37,30,19,,Austin
2015/10/13,18,34,26,7,,Austin
2015/10/14,16,36,26,5,,Austin
2015/10/15,17,35,26,13,,Austin
2015/10/16,17,32,24,13,,Austin
2015/10/17,17,31,24,9,,Austin
2015/10/18,14,29,22,2,,Austin
2015/10/19,12,30,21,7,,Austin
2015/10/20,14,31,23,14,,Austin
2015/10/21,22,30,26,20,,Austin
2015/10/22,21,28,24,21,,Austin
2015/10/23,22,27,24,23,,Austin
2015/10/24,16,24,20,19,,Austin
2015/10/25,14,18,16,14,,Austin
2015/10/26,14,26,21,12,,Austin
2015/10/27,14,29,22,12,,Austin
2015/10/28,14,28,21,10,,Austin
2015/10/29,11,27,19,12,,Austin
2015/10/30,19,24,22,21,,Austin
2015/10/31,18,25,22,18,,Austin
2015/11/01,15,24,19,14,,Austin
2015/11/02,14,26,20,14,,Austin
2015/11/03,14,27,21,15,,Austin
2015/11/04,16,26,21,18,,Austin
2015/11/05,22,29,26,22,,Austin
2015/11/06,15,24,20,12,,Austin
2015/11/07,13,17,16,12,,Austin
2015/11/08,12,22,17,6,,Austin
2015/11/09,11,23,17,10,,Austin
2015/11/10,16,23,19,17,,Austin
2015/11/11,21,29,25,18,,Austin
2015/11/12,13,22,18,2,,Austin
2015/11/13,13,18,16,4,,Austin
2015/11/14,12,18,16,8,,Austin
2015/11/15,12,21,17,12,,Austin
2015/11/16,18,24,21,19,,Austin
2015/11/17,8,24,16,13,,Austin
2015/11/18,6,22,14,6,,Austin
2015/11/19,8,26,17,8,,Austin
2015/11/20,11,25,18,13,,Austin
2015/11/21,5,19,12,8,,Austin
2015/11/22,1,15,8,-2,,Austin
2015/11/23,0,17,9,1,,Austin
2015/11/24,8,18,13,10,,Austin
2015/11/25,17,23,20,16,,Austin
2015/11/26,20,23,22,21,,Austin
2015/11/27,5,23,14,14,,Austin
2015/11/28,4,7,6,4,,Austin
2015/11/29,6,8,7,6,,Austin
2015/11/30,7,13,10,7,,Austin
2015/12/01,8,15,12,6,,Austin
2015/12/02,6,20,13,4,,Austin
2015/12/03,4,17,11,3,,Austin
2015/12/04,3,17,10,3,,Austin
2015/12/05,3,18,11,4,,Austin
2015/12/06,7,21,14,8,,Austin
2015/12/07,7,21,14,6,,Austin
2015/12/08,6,24,15,9,,Austin
2015/12/09,8,24,17,8,,Austin
2015/12/10,11,26,18,14,,Austin
2015/12/11,11,26,19,16,,Austin
2015/12/12,21,24,23,19,,Austin
2015/12/13,8,23,16,11,,Austin
2015/12/14,6,24,15,5,,Austin
2015/12/15,12,24,18,16,,Austin
2015/12/16,8,17,13,-2,,Austin
2015/12/17,4,20,12,-1,,Austin
2015/12/18,1,14,8,-1,,Austin
2015/12/19,2,19,11,4,,Austin
2015/12/20,11,19,15,13,,Austin
2015/12/21,12,24,18,16,,Austin
2015/12/22,9,26,18,14,,Austin
2015/12/23,12,27,19,12,,Austin
2015/12/24,11,23,17,13,,Austin
2015/12/25,11,21,16,12,,Austin
2015/12/26,21,26,23,21,,Austin
2015/12/27,2,23,13,8,,Austin
2015/12/28,2,8,5,-1,,Austin
2015/12/29,3,9,6,2,,Austin
2015/12/30,5,14,9,6,,Austin
2015/12/31,4,12,8,4,,Austin
2014/12/25,11,13,12,10,,Dublin
2014/12/26,10,15,12,9,,Dublin
2014/12/27,10,14,12,10,,Dublin
2014/12/28,6,10,8,5,,Dublin
2014/12/29,5,11,8,4,,Dublin
2014/12/30,7,13,10,7,,Dublin
2014/12/31,3,12,7,4,,Dublin
2015/01/01,7,14,11,8,,Dublin
2015/01/02,4,6,5,1,,Dublin
2015/01/03,-1,5,2,2,,Dublin
2015/01/04,-2,7,2,2,,Dublin
2015/01/05,1,11,6,7,,Dublin
2015/01/06,3,7,4,3,,Dublin
2015/01/07,4,12,8,7,,Dublin
2015/01/08,4,9,7,3,,Dublin
2015/01/09,6,14,10,8,,Dublin
2015/01/10,2,7,4,3,,Dublin
2015/01/11,2,7,4,2,,Dublin
2015/01/12,5,9,7,3,,Dublin
2015/01/13,0,4,2,-1,,Dublin
2015/01/14,-1,11,5,1,,Dublin
2015/01/15,3,5,4,1,,Dublin
2015/01/16,0,3,2,0,,Dublin
2015/01/17,-1,4,1,0,,Dublin
2015/01/18,-2,5,1,-1,,Dublin
2015/01/19,-6,2,-2,-3,,Dublin
2015/01/20,-2,4,1,1,,Dublin
2015/01/21,0,4,2,2,,Dublin
2015/01/22,-1,7,3,1,,Dublin
2015/01/23,1,10,6,4,,Dublin
2015/01/24,1,7,3,1,,Dublin
2015/01/25,4,11,8,6,,Dublin
2015/01/26,4,7,6,3,,Dublin
2015/01/27,4,8,6,4,,Dublin
2015/01/28,1,8,4,2,,Dublin
2015/01/29,0,3,1,0,,Dublin
2015/01/30,0,6,3,1,,Dublin
2015/01/31,0,4,2,-1,,Dublin
2015/02/01,-2,4,1,-2,,Dublin
2015/02/02,-4,4,0,-2,,Dublin
2015/02/03,-8,4,-2,-2,,Dublin
2015/02/04,-4,4,0,-2,,Dublin
2015/02/05,-2,7,2,2,,Dublin
2015/02/06,2,6,3,3,,Dublin
2015/02/07,0,7,4,3,,Dublin
2015/02/08,-2,3,1,1,,Dublin
2015/02/09,0,4,2,2,,Dublin
2015/02/10,1,4,2,2,,Dublin
2015/02/11,2,6,3,2,,Dublin
2015/02/12,2,7,4,2,,Dublin
2015/02/13,4,8,6,5,,Dublin
2015/02/14,2,8,6,4,,Dublin
2015/02/15,-2,9,3,3,,Dublin
2015/02/16,0,7,3,2,,Dublin
2015/02/17,-1,8,4,1,,Dublin
2015/02/18,6,12,9,6,,Dublin
2015/02/19,3,8,6,4,,Dublin
2015/02/20,1,6,3,1,,Dublin
2015/02/21,0,6,3,1,,Dublin
2015/02/22,1,11,6,3,,Dublin
2015/02/23,0,5,2,1,,Dublin
2015/02/24,3,7,4,2,,Dublin
2015/02/25,4,11,8,8,,Dublin
2015/02/26,1,7,3,3,,Dublin
2015/02/27,1,8,4,2,,Dublin
2015/02/28,6,12,9,6,,Dublin
2015/03/01,0,5,2,1,,Dublin
2015/03/02,0,4,2,-1,,Dublin
2015/03/03,0,6,3,-1,,Dublin
2015/03/04,1,9,4,1,,Dublin
2015/03/05,5,11,8,3,,Dublin
2015/03/06,7,12,9,4,,Dublin
2015/03/07,8,14,11,8,,Dublin
2015/03/08,1,9,4,3,,Dublin
2015/03/09,-1,14,7,3,,Dublin
2015/03/10,2,11,7,1,,Dublin
2015/03/11,2,12,7,3,,Dublin
2015/03/12,1,10,6,6,,Dublin
2015/03/13,-1,8,3,0,,Dublin
2015/03/14,-1,6,2,1,,Dublin
2015/03/15,1,7,3,2,,Dublin
2015/03/16,4,7,6,3,,Dublin
2015/03/17,-2,8,3,2,,Dublin
2015/03/18,-4,10,3,0,,Dublin
2015/03/19,-3,11,4,2,,Dublin
2015/03/20,3,11,7,4,,Dublin
2015/03/21,1,11,6,3,,Dublin
2015/03/22,-3,13,5,2,,Dublin
2015/03/23,3,11,7,3,,Dublin
2015/03/24,0,8,4,1,,Dublin
2015/03/25,-1,9,4,1,,Dublin
2015/03/26,2,10,6,3,,Dublin
2015/03/27,2,11,6,3,,Dublin
2015/03/28,7,13,10,8,,Dublin
2015/03/29,3,9,6,4,,Dublin
2015/03/30,3,11,7,4,,Dublin
2015/03/31,3,9,6,2,,Dublin
2015/04/01,2,10,6,3,,Dublin
2015/04/02,4,8,6,6,,Dublin
2015/04/03,7,11,9,6,,Dublin
2015/04/04,5,15,10,6,,Dublin
2015/04/05,3,12,8,7,,Dublin
2015/04/06,1,17,9,6,,Dublin
2015/04/07,1,17,9,6,,Dublin
2015/04/08,1,14,8,6,,Dublin
2015/04/09,0,18,9,3,,Dublin
2015/04/10,-1,16,8,4,,Dublin
2015/04/11,2,10,6,2,,Dublin
2015/04/12,4,10,7,3,,Dublin
2015/04/13,3,15,9,6,,Dublin
2015/04/14,9,17,13,6,,Dublin
2015/04/15,2,12,7,5,,Dublin
2015/04/16,2,11,7,3,,Dublin
2015/04/17,-2,12,6,4,,Dublin
2015/04/18,5,10,8,4,,Dublin
2015/04/19,2,11,7,4,,Dublin
2015/04/20,3,12,8,5,,Dublin
2015/04/21,-1,14,7,3,,Dublin
2015/04/22,0,15,8,5,,Dublin
2015/04/23,1,17,9,6,,Dublin
2015/04/24,0,14,7,7,,Dublin
2015/04/25,3,10,7,5,,Dublin
2015/04/26,-3,10,3,0,,Dublin
2015/04/27,-2,9,3,0,,Dublin
2015/04/28,1,9,5,1,,Dublin
2015/04/29,2,12,7,3,,Dublin
2015/04/30,2,11,7,3,,Dublin
2015/05/01,2,11,6,2,,Dublin
2015/05/02,5,9,7,6,,Dublin
2015/05/03,8,16,12,9,,Dublin
2015/05/04,6,14,10,5,,Dublin
2015/05/05,7,13,10,6,,Dublin
2015/05/06,6,12,9,6,,Dublin
2015/05/07,4,12,8,5,,Dublin
2015/05/08,4,9,7,6,,Dublin
2015/05/09,6,14,10,6,,Dublin
2015/05/10,9,15,12,9,,Dublin
2015/05/11,9,17,13,7,,Dublin
2015/05/12,7,14,11,6,,Dublin
2015/05/13,1,12,7,4,,Dublin
2015/05/14,4,11,7,6,,Dublin
2015/05/15,0,15,8,7,,Dublin
2015/05/16,6,14,10,4,,Dublin
2015/05/17,7,13,10,6,,Dublin
2015/05/18,6,12,9,5,,Dublin
2015/05/19,4,12,8,4,,Dublin
2015/05/20,3,14,9,5,,Dublin
2015/05/21,5,17,11,7,,Dublin
2015/05/22,8,18,13,11,,Dublin
2015/05/23,4,18,11,8,,Dublin
2015/05/24,7,16,11,8,,Dublin
2015/05/25,7,16,11,9,,Dublin
2015/05/26,7,16,11,8,,Dublin
2015/05/27,5,13,9,6,,Dublin
2015/05/28,6,14,10,5,,Dublin
2015/05/29,6,13,9,5,,Dublin
2015/05/30,3,12,8,6,,Dublin
2015/05/31,6,12,9,4,,Dublin
2015/06/01,5,12,9,4,,Dublin
2015/06/02,7,14,11,6,,Dublin
2015/06/03,6,16,11,7,,Dublin
2015/06/04,7,16,12,8,,Dublin
2015/06/05,9,16,12,7,,Dublin
2015/06/06,7,15,11,5,,Dublin
2015/06/07,4,16,10,5,,Dublin
2015/06/08,4,13,9,5,,Dublin
2015/06/09,1,16,8,5,,Dublin
2015/06/10,2,16,9,7,,Dublin
2015/06/11,7,15,11,8,,Dublin
2015/06/12,9,16,13,8,,Dublin
2015/06/13,9,18,13,7,,Dublin
2015/06/14,5,16,10,6,,Dublin
2015/06/15,4,18,11,8,,Dublin
2015/06/16,12,21,17,11,,Dublin
2015/06/17,10,18,14,13,,Dublin
2015/06/18,7,18,13,7,,Dublin
2015/06/19,8,17,13,9,,Dublin
2015/06/20,13,21,17,12,,Dublin
2015/06/21,9,17,13,8,,Dublin
2015/06/22,8,18,13,8,,Dublin
2015/06/23,3,19,11,8,,Dublin
2015/06/24,11,19,16,11,,Dublin
2015/06/25,14,20,17,12,,Dublin
2015/06/26,12,21,16,11,,Dublin
2015/06/27,11,19,14,11,,Dublin
2015/06/28,14,19,17,11,,Dublin
2015/06/29,12,21,17,10,,Dublin
2015/06/30,15,24,20,14,,Dublin
2015/07/01,13,23,18,14,,Dublin
2015/07/02,14,20,17,11,,Dublin
2015/07/03,8,19,13,12,,Dublin
2015/07/04,14,21,17,11,,Dublin
2015/07/05,9,18,14,11,,Dublin
2015/07/06,9,20,14,12,,Dublin
2015/07/07,12,17,14,12,,Dublin
2015/07/08,8,17,13,9,,Dublin
2015/07/09,4,17,10,8,,Dublin
2015/07/10,14,21,17,13,,Dublin
2015/07/11,11,18,14,11,,Dublin
2015/07/12,12,18,16,11,,Dublin
2015/07/13,11,19,16,14,,Dublin
2015/07/14,10,17,13,10,,Dublin
2015/07/15,4,17,11,7,,Dublin
2015/07/16,6,16,11,10,,Dublin
2015/07/17,12,17,14,9,,Dublin
2015/07/18,9,19,14,9,,Dublin
2015/07/19,8,18,13,9,,Dublin
2015/07/20,12,21,16,12,,Dublin
2015/07/21,9,19,14,11,,Dublin
2015/07/22,8,17,13,8,,Dublin
2015/07/23,10,17,13,8,,Dublin
2015/07/24,8,15,12,9,,Dublin
2015/07/25,6,16,11,7,,Dublin
2015/07/26,9,13,11,11,,Dublin
2015/07/27,12,17,14,12,,Dublin
2015/07/28,10,17,13,9,,Dublin
2015/07/29,8,17,12,8,,Dublin
2015/07/30,6,16,11,8,,Dublin
2015/07/31,11,17,14,9,,Dublin
2015/08/01,9,19,14,8,,Dublin
2015/08/02,11,17,14,12,,Dublin
2015/08/03,14,19,17,10,,Dublin
2015/08/04,13,18,16,11,,Dublin
2015/08/05,11,17,14,12,,Dublin
2015/08/06,9,18,13,10,,Dublin
2015/08/07,9,17,13,10,,Dublin
2015/08/08,9,19,14,9,,Dublin
2015/08/09,13,19,17,13,,Dublin
2015/08/10,12,19,16,11,,Dublin
2015/08/11,8,18,13,9,,Dublin
2015/08/12,6,19,12,8,,Dublin
2015/08/13,5,19,12,9,,Dublin
2015/08/14,10,17,13,10,,Dublin
2015/08/15,7,16,12,7,,Dublin
2015/08/16,8,18,13,10,,Dublin
2015/08/17,6,20,13,10,,Dublin
2015/08/18,7,23,15,11,,Dublin
2015/08/19,12,20,16,13,,Dublin
2015/08/20,11,20,16,13,,Dublin
2015/08/21,15,22,18,12,,Dublin
2015/08/22,10,17,13,12,,Dublin
2015/08/23,12,14,13,13,,Dublin
2015/08/24,10,18,14,10,,Dublin
2015/08/25,3,15,9,9,,Dublin
2015/08/26,9,18,13,11,,Dublin
2015/08/27,9,18,13,9,,Dublin
2015/08/28,10,18,14,9,,Dublin
2015/08/29,11,18,14,11,,Dublin
2015/08/30,8,17,12,9,,Dublin
2015/08/31,7,16,12,10,,Dublin
2015/09/01,8,16,12,9,,Dublin
2015/09/02,7,14,10,8,,Dublin
2015/09/03,8,14,11,8,,Dublin
2015/09/04,10,16,13,9,,Dublin
2015/09/05,7,16,11,7,,Dublin
2015/09/06,4,14,9,8,,Dublin
2015/09/07,10,14,12,8,,Dublin
2015/09/08,9,17,13,11,,Dublin
2015/09/09,9,16,12,10,,Dublin
2015/09/10,9,17,13,12,,Dublin
2015/09/11,13,16,14,12,,Dublin
2015/09/12,10,15,12,9,,Dublin
2015/09/13,8,15,12,10,,Dublin
2015/09/14,9,13,11,10,,Dublin
2015/09/15,8,16,12,8,,Dublin
2015/09/16,5,15,10,7,,Dublin
2015/09/17,8,16,12,9,,Dublin
2015/09/18,7,16,12,11,,Dublin
2015/09/19,5,17,11,9,,Dublin
2015/09/20,11,17,14,11,,Dublin
2015/09/21,9,15,12,10,,Dublin
2015/09/22,7,15,11,7,,Dublin
2015/09/23,6,17,11,8,,Dublin
2015/09/24,8,14,11,8,,Dublin
2015/09/25,7,16,11,8,,Dublin
2015/09/26,7,16,11,9,,Dublin
2015/09/27,6,17,11,9,,Dublin
2015/09/28,4,16,10,9,,Dublin
2015/09/29,9,17,13,10,,Dublin
2015/09/30,8,14,11,11,,Dublin
2015/10/01,4,16,10,8,,Dublin
2015/10/02,6,15,11,9,,Dublin
2015/10/03,7,10,9,6,,Dublin
2015/10/04,1,14,8,7,,Dublin
2015/10/05,12,16,14,12,,Dublin
2015/10/06,10,17,13,13,,Dublin
2015/10/07,7,14,10,7,,Dublin
2015/10/08,7,16,11,8,,Dublin
2015/10/09,9,17,13,9,,Dublin
2015/10/10,9,14,11,9,,Dublin
2015/10/11,5,14,10,9,,Dublin
2015/10/12,4,13,9,6,,Dublin
2015/10/13,1,12,7,4,,Dublin
2015/10/14,1,11,6,5,,Dublin
2015/10/15,-1,13,6,5,,Dublin
2015/10/16,2,13,7,7,,Dublin
2015/10/17,6,12,9,7,,Dublin
2015/10/18,7,12,9,8,,Dublin
2015/10/19,7,12,9,9,,Dublin
2015/10/20,6,12,9,8,,Dublin
2015/10/21,10,14,12,12,,Dublin
2015/10/22,9,13,11,7,,Dublin
2015/10/23,9,14,11,8,,Dublin
2015/10/24,6,11,8,6,,Dublin
2015/10/25,5,13,9,5,,Dublin
2015/10/26,10,13,12,10,,Dublin
2015/10/27,9,13,11,11,,Dublin
2015/10/28,4,13,8,9,,Dublin
2015/10/29,8,13,11,7,,Dublin
2015/10/30,9,15,12,11,,Dublin
2015/10/31,7,17,12,10,,Dublin
2015/11/01,3,14,8,9,,Dublin
2015/11/02,9,15,12,11,,Dublin
2015/11/03,5,12,9,9,,Dublin
2015/11/04,4,11,8,8,,Dublin
2015/11/05,3,14,9,11,,Dublin
2015/11/06,9,16,12,10,,Dublin
2015/11/07,8,12,10,9,,Dublin
2015/11/08,7,14,11,8,,Dublin
2015/11/09,6,16,11,11,,Dublin
2015/11/10,14,17,16,13,,Dublin
2015/11/11,9,15,12,9,,Dublin
2015/11/12,5,16,11,7,,Dublin
2015/11/13,3,8,6,3,,Dublin
2015/11/14,4,15,10,8,,Dublin
2015/11/15,13,16,14,12,,Dublin
2015/11/16,6,8,7,4,,Dublin
2015/11/17,6,14,10,7,,Dublin
2015/11/18,6,12,9,7,,Dublin
2015/11/19,4,9,7,5,,Dublin
2015/11/20,0,7,3,1,,Dublin
2015/11/21,0,4,2,1,,Dublin
2015/11/22,-1,8,3,2,,Dublin
2015/11/23,-2,9,3,4,,Dublin
2015/11/24,6,9,8,6,,Dublin
2015/11/25,7,11,9,7,,Dublin
2015/11/26,7,12,9,10,,Dublin
2015/11/27,2,11,7,6,,Dublin
2015/11/28,2,8,4,3,,Dublin
2015/11/29,4,11,8,4,,Dublin
2015/11/30,1,12,7,5,,Dublin
2015/12/01,1,14,8,9,,Dublin
2015/12/02,6,13,9,7,,Dublin
2015/12/03,3,7,4,4,,Dublin
2015/12/04,3,12,7,6,,Dublin
2015/12/05,10,13,11,9,,Dublin
2015/12/06,2,11,7,6,,Dublin
2015/12/07,2,14,8,9,,Dublin
2015/12/08,4,9,7,4,,Dublin
2015/12/09,4,12,8,7,,Dublin
2015/12/10,4,7,6,4,,Dublin
2015/12/11,3,7,6,2,,Dublin
2015/12/12,2,7,4,3,,Dublin
2015/12/13,2,9,6,6,,Dublin
2015/12/14,7,10,9,8,,Dublin
2015/12/15,9,12,11,10,,Dublin
2015/12/16,11,15,13,11,,Dublin
2015/12/17,11,13,12,10,,Dublin
2015/12/18,10,15,12,9,,Dublin
2015/12/19,10,14,12,10,,Dublin
2015/12/20,6,10,8,5,,Dublin
2015/12/21,5,11,8,4,,Dublin
2015/12/22,7,13,10,7,,Dublin
2015/12/23,3,12,7,4,,Dublin
2015/12/24,3,8,6,3,,Dublin
2015/12/25,2,12,7,4,,Dublin
2015/12/26,4,10,7,7,,Dublin
2015/12/27,-2,13,6,4,,Dublin
2015/12/28,8,12,10,9,,Dublin
2015/12/29,7,14,10,6,,Dublin
2015/12/30,4,11,8,6,,Dublin
2015/12/31,2,7,4,2,,Dublin
